ids,labels,parents,sector_color,app_ids,app_labels,app_parents,app_color,,node_label,node_color,link_source,link_target,link_label,link_color,value,app_description,sector_description
cec,Customer Engagement and Channel,,deepskyblue,cec-ep-siw,Sembcorp Internet Website/Corporate Website v. 1.0,cec-ep,lightyellow,,Trade Information Reporting Systems v. 1,sandybrown,0,1,Flat File,sandybrown,1,Sembcorp Internet Website/Corporate Website v. 1.0,Customer Engagement and Channel
cec-ep,External Portal,cec,skyblue,cec-ep-wcm,Website Content Management System v. 1.0,cec-ep,lightyellow,,CSLUCAS v. 1,sandybrown,2,3,,sandybrown,1,Website Content Management System v. 1.0: Content Management for Sembcorp Internet Website,External Portal
cec-cap,Customer Account Portal,cec,skyblue,cec-cmi-crm,Customer Relations Management (SWM Call Centre) v. 1,cec-cmi,lightyellow,,Process History Data v. 1.0,crimson,4,2,Custom Connector (SQL),crimson,1,"Customer Relations Management (SWM Call Centre) v. 1: SembWaste's management system for customer's calls, complains and new service requests.",Customer Account Portal
cec-cic,Customer Interaction Channel,cec,skyblue,rco-co-sales-sf,Salesforce v. 1,rco-co-sales,lightyellow,,Sakra Cogen - DCS v. 1.0,crimson,2,5,,crimson,1,Salesforce v. 1,Customer Interaction Channel
cec-cam,Customer Applications and Mobile,cec,skyblue,rco-co-bm-siw,Sembcorp Internet Website/Corporate Website v. 1.0,rco-co-bm,lightyellow,,Sakra SUT - DCS v. TPS3000,crimson,6,7,Custom Connector,crimson,1,Sembcorp Internet Website/Corporate Website v. 1.0,Customer Applications and Mobile
cec-cmi,Call Management & IVR,cec,skyblue,rco-cuo-crm-cms1,Contact Management System v. 1.0,rco-cuo-crm,lightyellow,,ETAPRO,crimson,8,7,Custom Connector,crimson,1,"Contact Management System v. 1.0: To keep track of all information pertaining to investor companies, contacts, correspondence & meeting and to generate reports and meeting statistics",Call Management & IVR
cec-smm,Social Media Management,cec,skyblue,rco-cuo-crm-cms2,Contact Management System v. 1.1,rco-cuo-crm,lightyellow,,Wonderware Historian,crimson,10,9,Batch (SQL),peru,1,"Contact Management System v. 1.1: To keep track of all information pertaining to investor companies, contacts, correspondence & meeting and to generate reports and meeting statistics",Social Media Management
cec-pcg,Payment Channels & Gateway,cec,skyblue,rco-cuo-crm-cub,Customer Utility Billing & Experience Management v. 1.0,rco-cuo-crm,lightyellow,,LGAMS v. 10.4.5.1,crimson,9,11,Shared DB (SQL),peru,1,Customer Utility Billing & Experience Management v. 1.0: Customer Management and billing system for Sembcorp OEM Customers (Resi and SME),Payment Channels & Gateway
cec-pcg,Partner Channels,cec,skyblue,rco-cuo-crm-sf,Salesforce v. 1,rco-cuo-crm,lightyellow,,UMIS 1.0,crimson,13,12,API / WS,peru,1,Salesforce v. 1,Partner Channels
rco,Retail and Commercial Operations,,navy,rco-cuo-ccm-cub,Customer Utility Billing & Experience Management v. 1.0,rco-cuo-ccm,lightyellow,,Employee Common Database v. 1.0,peru,2,14,API / WS,crimson,1,Customer Utility Billing & Experience Management v. 1.0: Customer Management and billing system for Sembcorp OEM Customers (Resi and SME),Retail and Commercial Operations
rco-co,Commercial Operations,rco,mediumblue,rco-cuo-bi-cms1,Customer Management System v. 7.5,rco-cuo-bi,lightyellow,,SAP HCM v. SAP ERP 6.0 EhP8,peru,17,16,Manual,royalblue,1,"Customer Management System v. 7.5: Customer Management and billing system for following entitie's C&I customers - Power, Gas, SUT, Solar",Commercial Operations
rco-co-sales,Sales,rco-co,royalblue,de-int-int-mi-ntuc,NTUC,de-int-int-mi,lightyellow,,Resource Tracking System v. 1.0,cyan,17,18,Batch (CSV),royalblue,1,NTUC Gateway,Sales
rco-co-ma,Market Analysis,rco-co,royalblue,rco-cuo-bi-cub,Customer Utility Billing & Experience Management v. 1.0,rco-cuo-bi,lightyellow,,SAP ASP v. 1.0,brown,19,17,,teal,1,Customer Utility Billing & Experience Management v. 1.0: Customer Management and billing system for Sembcorp OEM Customers (Resi and SME),Market Analysis
rco-co-pricing,Pricing,rco-co,royalblue,rco-cuo-bi-ibms,IBMS (Integrated Billing Management System) v. 1,rco-cuo-bi,lightyellow,,SAP FICO v. SAP ERP 6.0 EhP8,peru,143,34,API / WS,teal,1,"Integrated Billing Management System: IBMS consists of Contracts, Sales, Service Orders, Trips Tagging and Billing Management modules for Environmental business",Pricing
rco-co-qm,Quotation Management,rco-co,royalblue,rco-cuo-bi-nab,"Nomination, Allocation Billing System v. 1",rco-cuo-bi,lightyellow,,Data Lake,olivedrab,20,21,Shared DB (SQL),sandybrown,1,"Nomination, Allocation Billing System v. 1: Gas Nomination, Allocation and Billing System for SembGas.",Quotation Management
rco-co-bm,Brand Marketing,rco-co,royalblue,rco-cuo-pc-cub,Customer Utility Billing & Experience Management v. 1.0,rco-cuo-pc,lightyellow,,Customer Management System Web v. 7.5,royalblue,20,17,Shared DB (SQL),sandybrown,1,Customer Utility Billing & Experience Management v. 1.0: Customer Management and billing system for Sembcorp OEM Customers (Resi and SME),Brand Marketing
rco-co-pdc,Product Development and Configuration,rco-co,royalblue,rco-es-rec-ss,Solar Data DB,rco-es-rec,lightyellow,,Citibank File Uploader (External),teal,20,0,Shared DB (SQL),sandybrown,1,Solar System v. 1: To send and receive PSO per minute file. To create new Solar site for sending files,Product Development and Configuration
rco-co-pm,Product Management,rco-co,royalblue,mer-fo-tools-risk,RISK v. 7.6.0,mer-fo-tools,lightyellow,,Customer Management System v. 7.5,royalblue,22,14,API / WS,olivedrab,1,RISK v. 7.6.0,Product Management
rco-cuo,Customer Operations,rco,mediumblue,mer-mo-cm-cub,Customer Utility Billing & Experience Management v. 1.0,mer-mo-cm,lightyellow,,Giro,blue,57,113,WS (REST),royalblue,1,Customer Utility Billing & Experience Management v. 1.0: Customer Management and billing system for Sembcorp OEM Customers (Resi and SME),Customer Operations
rco-cuo-cam,Customer Account Management,rco-cuo,royalblue,mer-mo-cm-ibms,IBMS (Integrated Billing Management System) v. 1,mer-mo-cm,lightyellow,,External - AXS 1.0,teal,2,24,WS (XML),crimson,1,"Integrated Billing Management System: IBMS consists of Contracts, Sales, Service Orders, Trips Tagging and Billing Management modules for Environmental business",Customer Account Management
rco-cuo-mdm,Meter Data Management,rco-cuo,royalblue,mer-mo-cm-sf,Salesforce v. 1,mer-mo-cm,lightyellow,,Electronic Business Transaction v. 1,sandybrown,23,13,Flat File,royalblue,1,Salesforce v. 1,Meter Data Management
rco-cuo-crm,Customer Relationship Management,rco-cuo,royalblue,mer-mo-cm-sft,Salesforce-TIRS  Intergration Webservices v. 1.0,mer-mo-cm,lightyellow,,Settlement v. 1,sandybrown,23,25,WS (XML),royalblue,1,Salesforce-TIRS  Intergration Webservices v. 1.0,Customer Relationship Management
rco-cuo-ccm,Case & Complaints Management,rco-cuo,royalblue,mer-mo-cm-tirs,Trade Information Reporting Systems v. 1,mer-mo-cm,lightyellow,,VBR,olivedrab,23,26,Shared DB (SQL),royalblue,1,Trade Information Reporting Systems v. 1: An application to allow traders to upload deal tickets information for verification by Finance and to print Settlement and Mark to Mark reports and export trade detail to Infinax,Case & Complaints Management
rco-cuo-bi,Billing & Invoicing,rco-cuo,royalblue,mer-bo-ss-mcm,EMC Extract Monitoring System v. 1,mer-bo-ers,lightyellow,,IBMS (Integrated Billing Management System) v. 1,royalblue,25,27,API / WS,crimson,1,"EMC Extract Monitoring System v. 1: An application to allow users to create new reports, and Invoice task and schedule it. It also allow user to monitor the schedule task status.",Billing & Invoicing
rco-cuo-nba,Next Best Action,rco-cuo,royalblue,mer-bo-trc-tirs,Trade Information Reporting Systems v. 1,mer-bo-trc,lightyellow,,Weighbridge Information System,crimson,10,28,Shared DB (SQL),peru,1,Trade Information Reporting Systems v. 1: An application to allow traders to upload deal tickets information for verification by Finance and to print Settlement and Mark to Mark reports and export trade detail to Infinax,Next Best Action
rco-cuo-pc,Payments & Collections,rco-cuo,royalblue,mer-bo-ers-ebt,Electronic Business Transaction v. 1,mer-bo-ers,lightyellow,,Integrated Waste Information System (IWIS) v. 1,crimson,10,29,API / WS,peru,1,Electronic Business Transaction v. 1: To send and receive MSSL message via SONIC MQ Broker,Payments & Collections
rco-cuo-lm,Loyalty Management,rco-cuo,royalblue,mer-bo-ers-settle,Settlement v. 1,mer-bo-ers,lightyellow,,Customer Relations Management (SWM Call Centre) v. 1,skyblue,30,3,,wheat,1,"Settlement v. 1: PSS is used by the Settlement team to verify the monthly usages and charges of EMC, MSSL and Sembcorp Cogen. The team reviews and performs necessary follow-up on variances from Settlement reports generated",Loyalty Management
rco-es,Energy Services,rco,mediumblue,mer-bo-ers-tirs,Trade Information Reporting Systems v. 1,mer-bo-ers,lightyellow,,Compactor Management Mobile App v. 1,crimson,31,2,WS (XML),crimson,1,Trade Information Reporting Systems v. 1: An application to allow traders to upload deal tickets information for verification by Finance and to print Settlement and Mark to Mark reports and export trade detail to Infinax,Energy Services
rco-es-pc,Price Comparison,rco-es,royalblue,mer-bo-tms-slu,CSLUCAS v. 1,mer-bo-tms,lightyellow,,TMS (Time Management System) v. 1,peru,32,2,API / WS,crimson,1,"CSLUCAS v. 1: CS Lucas (formerly known as Infinax) is a treasury management system (TMS) integrating front-, middle- and back-offices through a single integrated portal.",Price Comparison
rco-es-edh,Energy Data Hub,rco-es,royalblue,mer-bo-fpr-nas,Non-Audit Services Report Consolidation v. 1.0,mer-bo-fpr,lightyellow,,HR Self-service Kiosk v. 1,peru,33,34,API / WS (XML),crimson,1,Non-Audit Services Report Consolidation v. 1.0: A system used by Group Reporting & Policies and BU Finance for Non Audit Services reporting consolidation,Energy Data Hub
rco-es-mp,Market Place Peer to Peer,rco-es,royalblue,aomo-aop-eam-iwf,Integrated Waste Information System (IWIS) v. 1,aomo-aop-eam,lightyellow,,EMC Extract Monitoring System v. 1,wheat,36,35,API / WS (JSON),lightslategray,1,"Integrated Waste Information System (IWIS) v. 1: An intranet portal with modules for Route Management, Compactor Management, Fleet Management, Tonnage Management and Dashboard Alerts to support the Environmental business",Market Place Peer to Peer
rco-es-shb,Smart Home Building Management,rco-es,royalblue,aomo-aop-eam-sap,SAP PM v. SAP ERP 6.0 EhP8,aomo-aop-eam,lightyellow,,Storage & Terminalling,crimson,37,38,API / WS,teal,1,"SAP PM v. SAP ERP 6.0 EhP8: PM is the Plant Maintenance module. It includes the following functions - Maintenance Processing, Work Clearance Management, Preventive Maintenance",Smart Home Building Management
rco-es-rec,Renewable Energy Certificates,rco-es,royalblue,aomo-aop-eam-tdd,Turbine Data Downloader v. 2.0.0,aomo-aop-eam,lightyellow,,Laboratory Information Management System,crimson,39,40,Shared DB (SQL),peru,1,Turbine Data Downloader v. 2.0.0,Renewable Energy Certificates
rco-es-cem,Customer Energy Management,rco-es,royalblue,aomo-aop-hist-phd,Process History Data v. 1.0,aomo-aop-hist,lightyellow,,GEO Information System,crimson,41,42,API (JSON),lightslategray,1,Process History Data v. 1.0: Allows data to be gathered from the various DCS and other data sources at the plant into the PHD database for long-term storage for performance analysis,Customer Energy Management
mer,Merchant,,tan,aomo-aop-hist-tdd,Turbine Data Downloader v. 2.0.0,aomo-aop-hist,lightyellow,,SAP PM v. SAP ERP 6.0 EhP8,crimson,41,43,API / WS,lightslategray,1,Turbine Data Downloader v. 2.0.0,Merchant
mer-fo,Front Office,mer,sandybrown,aomo-aop-hist-wpm,Water Plant Management System v. 1.0,aomo-aop-hist,lightyellow,,Workato,teal,41,10,API / WS,lightslategray,1,Water Plant Management System v. 1.0,Front Office
mer-fo-etrm,Energy Trading & Risk Management (ETRM),mer-fo,wheat,aomo-aop-dcs-ban,Banyan CCP3 - DCS v. 1.0,aomo-aop-dcs,lightyellow,,Jira Software v. 1,lightslategray,13,44,Flat File,peru,1,Banyan CCP3 - DCS v. 1.0,Energy Trading & Risk Management (ETRM)
mer-fo-tds,Trading Decision Support Tools,mer-fo,wheat,aomo-aop-dcs-bay,Bayan WWTP - DCS v. NA,aomo-aop-dcs,lightyellow,,SGX Live Feed,teal,13,45,API / WS,peru,1,Bayan WWTP - DCS v. NA,Trading Decision Support Tools
mer-fo-tools,Market Modelling Tools,mer-fo,wheat,aomo-aop-dcs-efw,EFW - DCS v. NA,aomo-aop-dcs,lightyellow,,Sembcorp Internet Website/Corporate Website v. 1.0,skyblue,13,46,Flat File,peru,1,EFW - DCS v. NA,Market Modelling Tools
mer-fo-mia,Market Intelligence and Analysis,mer-fo,wheat,aomo-aop-dcs-ncip,NCIP Water - DCS v. XDC800,aomo-aop-dcs,lightyellow,,Sembcorp Secure Mobile App v. 1.3,peru,43,47,API / WS,peru,1,NCIP Water - DCS v. XDC800,Market Intelligence and Analysis
mer-mo,Middle Office,mer,sandybrown,aomo-aop-dcs-nss,NSS - DCS v. XDC800,aomo-aop-dcs,lightyellow,,Sembcorp Secure App - Backend Administrative Portal v. 1.0,peru,43,48,Custom Connector,peru,1,NSS - DCS v. XDC800,Middle Office
mer-mo-cm,Contract Management,mer-mo,wheat,aomo-aop-dcs-sakc,Sakra Cogen - DCS v. 1.0,aomo-aop-dcs,lightyellow,,SAP Approval Mobile App System - Sembcorp Approval 3.0 v. 2.1,lightslategray,48,35,API / WS,teal,1,"Hosts Cogen apps like plant statistics, EMC data to blackberry",Contract Management
mer-mo-pm,Position Management,mer-mo,wheat,aomo-aop-dcs-sakd,Sakra Demin - DCS v. NA,aomo-aop-dcs,lightyellow,,SAP VIM v. 7.5,peru,10,48,Custom Connector,peru,1,Sakra Demin - DCS v. NA,Position Management
mer-mo-mf,Market Forecasting,mer-mo,wheat,aomo-aop-dcs-sake,Sakra ERP - DCS v. 500,aomo-aop-dcs,lightyellow,,SAP MM v. SAP ERP 6.0 EhP8,peru,42,48,Custom Connector,teal,1,Sakra ERP - DCS v. 500,Market Forecasting
mer-mo-to,Trade Optimisation,mer-mo,wheat,aomo-aop-dcs-saki,Sakra IWWT - DCS v. 7,aomo-aop-dcs,lightyellow,,Cognos Controller v. 10.3.1,crimson,10,50,WS (XML),peru,1,Sakra IWWT - DCS v. 7,Trade Optimisation
mer-mo-rm,Risk Management,mer-mo,wheat,aomo-aop-dcs-saks,Sakra SUT - DCS v. TPS3000,aomo-aop-dcs,lightyellow,,Faxmaker v. 16.0,peru,20,57,"Shared DB (SQL), Flat File, WS (XML) ",sandybrown,1,Sakra SUT - DCS v. TPS3000,Risk Management
mer-bo,Back Office,mer,sandybrown,aomo-aop-dcs-saksv,Sakra SVC - DCS v. NA,aomo-aop-dcs,lightyellow,,C2SAPLite v. 1.0,blue,57,13,"WS (SOAP, XML)",royalblue,1,Sakra SVC - DCS v. NA,Back Office
mer-bo-ers,Energy Reconciliation and Settlement,mer-bo,wheat,aomo-aop-dcs-ser,Seraya Incineration - DCS v. 6,aomo-aop-dcs,lightyellow,,SAP Ariba v. 14s,orchid,43,59,API / WS,peru,1,Seraya Incineration - DCS v. 6,Energy Reconciliation and Settlement
mer-bo-fpr,Financial and Performance Reporting,mer-bo,wheat,aomo-aop-dcs-wb,Woodchip boiler - DCS v. NA,aomo-aop-dcs,lightyellow,,Dell Boomi,teal,13,59,,peru,1,Woodchip boiler - DCS v. NA,Financial and Performance Reporting
mer-bo-trc,Trading Risk and Compliance Management,mer-bo,wheat,aomo-aop-dcs-zjg,ZJG - DCS v. 5.3+sp3,aomo-aop-dcs,lightyellow,,Sembcorp OTUJ - Backend Administrative Portal v. 1.0,peru,10,59,API / WS,peru,1,ZJG - DCS v. 5.3+sp3,Trading Risk and Compliance Management
mer-bo-tms,Treasury Management System,mer-bo,wheat,aomo-aop-ims-cmm,Compactor Management Mobile App v. 1,aomo-aop-ims,lightyellow,,Sembcorp OTUJ v. 1.3,peru,59,60,Shared DB (SQL),brown,1,Compactor Management Mobile App: The mobile app is used by compactor supervisors and technicans to update on the services done to the compactors and/or dust drums,Treasury Management System
aomo,"Asset Operations, Maintenance and Optimisation",,darkred,aomo-aop-wms-npr,NPR v. 1.0,aomo-aop-wms,lightyellow,,Robotic Process Automation v. 1,lightslategray,52,52,,teal,1,NPR v. 1.0,"Asset Operations, Maintenance and Optimisation"
aomo-ap,Asset Planning,aomo,firebrick,aomo-aop-wms-wms,Workforce Management System v. 1.0,aomo-aop-wms,lightyellow,,Contact Management System v. 1.0,royalblue,53,53,,teal,1,"Workforce Management System (WMS) allows for the monitoring, controlling, traceability and accountability of all work activities and management of assets performed by contractors. It incorporates a RFID Key Management Solution (KMS) and GPS Tracker System capable of handling 400 keys and up to 40 Contractor teams",Asset Planning
aomo-ap-qm,Quality Management,aomo-ap,crimson,aomo-aop-psp-vms,Visitor Management System v. 1,aomo-aop-psp,lightyellow,,Contact Management System v. 1.1,royalblue,54,54,,crimson,1,Visitor Management System v. 1,Quality Management
aomo-ap-crp,Capacity Resources Planning,aomo-ap,crimson,aomo-aop-hs-can,Scannell v. 1.0,aomo-aop-hs,lightyellow,,Incident Management System,crimson,55,55,,tomato,1,Safety Incident Management System,Capacity Resources Planning
aomo-ap-mps,Master Production Scheduling,aomo-ap,crimson,aomo-ao-apm-msm,AMS Machinery v. 5.7,aomo-ao-apm,lightyellow,,IT Services Management System 1.0,tomato,56,56,,peru,1,AMS Machinery v. 5.7: Integrates multiple predictive maintenance techniques with comprehensive analysis tools to provide easy and accurate assessment of the machinery health across different types of mechanical assets in your facility.,Master Production Scheduling
aomo-aop,Asset Operations & Maintenance,aomo,firebrick,aomo-ao-apm-lgams,LGAMS v. 10.4.5.1,aomo-ao-apm,lightyellow,,Global HSE Information System v. 1.0,peru,58,58,,lightslategray,1,LGAMS v. 10.4.5.1: Plant performance and condition monitoring system,Asset Operations & Maintenance
aomo-aop-eam,Enterprise Asset Management,aomo-aop,crimson,aomo-ao-apm-tdd,Turbine Data Downloader v. 2.0.0,aomo-ao-apm,lightyellow,,Customer Utility Billing & Experience Management v. 1.0,royalblue,61,63,Shared DB (SQL),peru,1,Turbine Data Downloader v. 2.0.0,Enterprise Asset Management
aomo-aop-cmms,Computerised Maintenance Management Systems,aomo-aop,crimson,aomo-ao-apm-vbw,Virtual Brain Water v. 2.0,aomo-ao-apm,lightyellow,,Board Papers Apps v. 1.0,lightslategray,61,62,Shared DB (SQL),peru,1,"Virtual Brain Water v. 2.0: An application that aims to digitize the process of data collection and analysis to assist the water plants to attain transparency, effectiveness and efficiency",Computerised Maintenance Management Systems
aomo-aop-slm,Site Logistics Management,aomo-aop,crimson,cpm-eppm-eat,Enterprise Architecture Tool v. 1.0,cpm-eppm,lightyellow,,KOLA v. 1.0,brown,2,7,Custom Connector,crimson,1,Enterprise Architecture Tool v. 1.0,Site Logistics Management
aomo-aop-rio,Remote / Integrated Operation Center,aomo-aop,crimson,cpm-spm-apa,SAP Ariba v. 14s,cpm-spm,lightyellow,,Tableau Reporting Dashboard v. 10.3.2,yellow,8,5,,crimson,1,"SAP Ariba v. 14s: E-Procurement System by GVCM for Global Procurement - Supplier Management, Sourcing, & Contract Management",Remote / Integrated Operation Center
aomo-aop-fft,Field Force Tools & Apps,aomo-aop,crimson,cs-fin-fin-sap,C2SAPLite v. 1.0,cs-fin-fin,lightyellow,,Career Centre Admin v. 1.0,peru,6,5,,crimson,1,C2SAPLite v. 1.0: Secure FTP Transfer the encrpyted payroll and vendor payment files from SAP to HSBC Connect (host-to-host),Field Force Tools & Apps
aomo-aop-wms,Workforce Management System,aomo-aop,crimson,cs-fin-fin-cap,"CAPEX Purchase, Fixed Asset Disposal, CAPEX Replacement eform v. 1.0",cs-fin-fin,lightyellow,,Career Centre Internal v. 1.0,peru,20,17,,sandybrown,1,"CAPEX Purchase, Fixed Asset Disposal, CAPEX Replacement eform v. 1.0: An eForm for purchase request, replacement and disposal",Workforce Management System
aomo-aop-fm,Facility Monitoring,aomo-aop,crimson,cs-fin-fin-cog,Cognos Controller v. 10.3.1,cs-fin-fin,lightyellow,,Career Centre Public v. 1.0,peru,30,15,Shared DB (SQL),wheat,1,Cognos Controller v. 10.3.1: Cognos Controller is the IBM software used by all Sembcorp subsidiaries to submit periodic financial data to Group Reporting & Policies for consolidation,Facility Monitoring
aomo-aop-dcs,Distributed Control Management,aomo-aop,crimson,cs-fin-fin-cub,Customer Utility Billing & Experience Management v. 1.0,cs-fin-fin,lightyellow,,"Nomination, Allocation Billing System v. 1",royalblue,64,17,Shared DB (SQL),royalblue,1,Customer Utility Billing & Experience Management v. 1.0: Customer Management and billing system for Sembcorp OEM Customers (Resi and SME),Distributed Control Management
aomo-aop-ics,Industrial Control System,aomo-aop,crimson,cs-fin-fin-ef,Exception Form v. 1.0,cs-fin-fin,lightyellow,,Solar Data DB,royalblue,65,15,Shared DB (SQL),royalblue,1,Exception Form v. 1.0,Industrial Control System
aomo-aop-hist,Historian,aomo-aop,crimson,cs-fin-fin-fax,Faxmaker v. 16.0,cs-fin-fin,lightyellow,,Investment Risk Exposure v. 1.0,peru,63,38,WS (XML),peru,1,"Faxmaker v. 16.0: Faxmaker is the software that help to send correspondences generated by SAP as faxes to external parties. It also allow users to monitor the status of fax sending. Example of correspondences that we are currently sending are: payment advice, statement of account, dunning letters, etc",Historian
aomo-aop-osem,Other Scada Control System,aomo-aop,crimson,cs-fin-fin-fat,Fixed Asset Transfer eform v. 1.0,cs-fin-fin,lightyellow,,Sustainability Data Management System v. 8.4,peru,66,66,,peru,1,Fixed Asset Transfer eform v. 1.0: An eForm for fixed asset transfer,Other Scada Control System
aomo-aop-em,Environment Monitoring,aomo-aop,crimson,cs-fin-fin-ire,Investment Risk Exposure v. 1.0,cs-fin-fin,lightyellow,,Company Profile and Shareholding Database System v. 1.0,brown,67,67,,peru,1,Investment Risk Exposure v. 1.0: A platform to compile the Group’s Country Risk Exposure from investment in various entities from submission by respective SBUs on a quarterly basis and provide an update to Group Risk Management on the Group’s country risk exposure on a quarterly basis,Environment Monitoring
aomo-aop-osm,Outage Scheduling and Management,aomo-aop,crimson,cs-fin-fin-mb,Mobile Bills v. 1.0,cs-fin-fin,lightyellow,,Scholarship.net v. 1.0,peru,68,68,,brown,1,Mobile Bills v. 1.0,Outage Scheduling and Management
aomo-aop-ims,Inspections Management Systems,aomo-aop,crimson,cs-fin-fin-nas,Non-Audit Services Report Consolidation v. 1.0,cs-fin-fin,lightyellow,,Annual Declaration Form v. 1.0,green,69,69,,peru,1,Non-Audit Services Report Consolidation v. 1.0: A system used by Group Reporting & Policies and BU Finance for Non Audit Services reporting consolidation,Inspections Management Systems
aomo-aop-psp,Plant Security (Physical),aomo-aop,crimson,cs-fin-fin-pre,Payment Request eform v. 1.0,cs-fin-fin,lightyellow,,Non-Audit Services Report Consolidation v. 1.0,wheat,9,70,Shared DB (SQL),peru,1,Payment Request eform v. 1.0: An eForm for payment request,Plant Security (Physical)
aomo-aop-epr,Emergency Prevention & Response Management,aomo-aop,crimson,cs-fin-fin-sbw,SAP Business Warehouse  Business Planning and Consolidation v. BPC 810 SP7,cs-fin-fin,lightyellow,,Sembcorp Portal v. SharePoint 2013,lightslategray,71,71,,wheat,1,SAP Business Warehouse  Business Planning and Consolidation v. BPC 810 SP7,Emergency Prevention & Response Management
aomo-aop-gis,Geographic Information System (GIS),aomo-aop,crimson,cs-fin-fin-sfs,SAP FICO v. SAP ERP 6.0 EhP8,cs-fin-fin,lightyellow,,"CAPEX Purchase, Fixed Asset Disposal, CAPEX Replacement eform v. 1.0",peru,73,72,Shared DB (SQL),peru,1,"SAP FICO v. SAP ERP 6.0 EhP8: FICO is the Financial and Controlling module. It includes the following function:General Ledger (GL), Accounts Payable (AP), Accounts Receivable (AR), Asset Accounting (AA), Special Purpose Ledger (SPL), Cost Centre Accounting (CCA), Profit Centre Accounting (PCA), Internal Order (IO), Fund Management (FM), Parallel Currency – SembGas only",Geographic Information System (GIS)
aomo-aop-hs,Health and Safety,aomo-aop,crimson,cs-fin-fin-svim,SAP VIM v. 7.5,cs-fin-fin,lightyellow,,Fixed Asset Transfer eform v. 1.0,peru,74,72,Shared Db (SQL),peru,1,"SAP VIM v. 7.5: VIM is Vendor Invoice Management module. It is to process invoice from scanning, data validation, invoice exception handling, invoice approval and invoice posting",Health and Safety
aomo-aop-sm,Shift Management,aomo-aop,crimson,cs-fin-bpc-apbw,SAP Business Warehouse  Business Planning and Consolidation v. BPC 810 SP7,cs-fin-bpc,lightyellow,,Project Portal (Intranet) v. SharePoint 2013,lightslategray,75,75,,lightslategray,1,SAP Business Warehouse Business Planning and Consolidation v. BPC 810 SP7,Shift Management
aomo-aop-cm,Contractor Management,aomo-aop,crimson,cs-hr-hcm-cca,Career Centre Admin v. 1.0,cs-hr-hcm,lightyellow,,Department Portal (Intranet) v. SharePoint 2013,lightslategray,76,76,,lightslategray,1,Career Centre Admin v. 1.0: A system for HR admin to post job vacancy on www.sembcorp.com or/and Intranet,Contractor Management
aomo-ao,Asset Optimisation,aomo,firebrick,cs-hr-hcm-cci,Career Centre Internal v. 1.0,cs-hr-hcm,lightyellow,,Project Portal (Online) v. SharePoint Online,lightslategray,77,77,,lightslategray,1,Career Centre Internal v. 1.0: A system for HR admin to post job vacancy on www.sembcorp.com or/and Intranet,Asset Optimisation
aomo-ao-apm,Asset Performance Management,aomo-ao,crimson,cs-hr-hcm-ccp,Career Centre Public v. 1.0,cs-hr-hcm,lightyellow,,Department Portal (Online) v. SharePoint Online,lightslategray,78,35,Custom Connector,lightslategray,1,Career Centre Public v. 1.0: A system for HR admin to post job vacancy on www.sembcorp.com or/and Intranet.,Asset Performance Management
aomo-ao-dt,Digital Twin,aomo-ao,crimson,cs-hr-hcm-ecd,Employee Common Database v. 1.0,cs-hr-hcm,lightyellow,,Sembcorp Media Gallery v. SharePoint 2013,lightslategray,79,79,,lightslategray,1,Employee Common Database v. 1.0,Digital Twin
aomo-ao-ao,Asset Optimisation,aomo-ao,crimson,cs-hr-hcm-esps,Employee Share Plans System v. 1.0,cs-hr-hcm,lightyellow,,SAP Business Warehouse  Business Planning and Consolidation v. BPC 810 SP7,peru,43,13,Shared DB (SQL),peru,1,Employee Share Plans System v. 1.0: A System for HR to manage shares granted to staffs prior to RSP and PSP,Asset Optimisation
aomo-ao-ads,Automated Decision Support,aomo-ao,crimson,cs-hr-hcm-hrss,HR Self-service Kiosk v. 1,cs-hr-hcm,lightyellow,,Bank (External),teal,80,13,API / WS,peru,1,HR Self Service Kiosk: The kiosk system allows direct labours to login to the system to view their leaves and payslips. appraisal acknowledgement will also be done through the kiosk,Automated Decision Support
aomo-dem,Distributed Energy Management,aomo,firebrick,cs-hr-hcm-kaba,KABA v. 1.0,cs-hr-hcm,lightyellow,,PCard v. 1.0,peru,1,13,Flat File,sandybrown,1,KABA v. 1.0,Distributed Energy Management
aomo-dem-derms,Distributed Energy Resources Management (DERMS),aomo-dem,crimson,cs-hr-hcm-psps,Performance Share Plans System v. 1.0,cs-hr-hcm,lightyellow,,Property Management System (Mysoft) v. 3.0.7,royalblue,81,13,Flat File,teal,1,Performance Share Plans System v. 1.0: A System for HR to manage PSP shares granted to senior management,Distributed Energy Resources Management (DERMS)
aomo-dem-drms,Demand Response Management System (DRMS),aomo-dem,crimson,cs-hr-hcm-rts,Resource Tracking System v. 1.0,cs-hr-hcm,lightyellow,,MIS 2.0  v. 2.0,royalblue,82,13,Flat File,peru,1,Resource Tracking System v. 1.0: A system for tracking and monitoring manpower cost to support technology projects.,Demand Response Management System (DRMS)
aomo-dem-df,Deman Forecasting,aomo-dem,crimson,cs-hr-hcm-rsps,Restricted  Share Plans System v. 1.0,cs-hr-hcm,lightyellow,,MIS 3.0  (Pufeite) v. 3.0,royalblue,42,13,Shared DB (SQL),peru,1,Restricted  Share Plans System v. 1.0: A system for HR to manage RSP shares granted to employees,Deman Forecasting
aomo-dem-ems,Energy Management System,aomo-dem,crimson,cs-hr-hcm-saph,SAP HCM v. SAP ERP 6.0 EhP8,cs-hr-hcm,lightyellow,,Timesheets v. 1.0,peru,10,13,API / WS,peru,1,"SAP HCM v. SAP ERP 6.0 EhP8: HCM is the Human Resources module. It includes the following functions - Personnel Management (PA), Organisation Management (OM), Personnel Time Management (PT), Travel Management (TR), Payroll (PY), Appraisal, SuccessFactors Learning, Employee File Management System (Singapore)
India Team includes the following function - Personnel Management (PA) Organisation Management (OM) Personnel Time Management (PT) Payroll (PY) ESS India Customization - Tax Declaration, Attendance",Energy Management System
aomo-dem-wf,Weather Forecasting,aomo-dem,crimson,cs-hr-hcm-sch,Scholarship.net v. 1.0,cs-hr-hcm,lightyellow,,Payment Request eform v. 1.0,peru,17,13,Flat File,royalblue,1,"Scholarship.net v. 1.0: A system to computerize the process of scheduling interviews, assessing candidates generating reports",Weather Forecasting
aomo-dem-do,Dispatch Optimisation,aomo-dem,crimson,cs-hr-hcm-tms,TMS (Time Management System) v. 1,cs-hr-hcm,lightyellow,,SAP GSP v. 1.0,brown,86,13,API / WS,royalblue,1,"Time Management System: TMS is used by SembWaste’s HR to maintain shift group , attendance code and payment instruction for Over-Time work schedule for its Direct Labour staff and to generate Over-Time schedule to be exported to SAP",Dispatch Optimisation
aomo-dem-smhes,Smart Meter Head End Systems (HES),aomo-dem,crimson,cs-hr-te-aph,SAP HCM v. SAP ERP 6.0 EhP8,cs-hr-te,lightyellow,,Electronic Document Management System v. 1.0,lightslategray,73,13,Manual (CSV),royalblue,1,"SAP HCM v. SAP ERP 6.0 EhP8: HCM is the Human Resources module.It includes the following functions - Personnel Management (PA), Organisation Management (OM), Personnel Time Management (PT), Travel Management (TR), Payroll (PY), Appraisal, SuccessFactors Learning, Employee File Management System (Singapore)
India Team includes the following function - Personnel Management (PA) Organisation Management (OM) Personnel Time Management (PT) Payroll (PY) ESS India Customization - Tax Declaration, Attendance",Smart Meter Head End Systems (HES)
cpm,Capital Project Management,,darkmagenta,cs-hr-pm-aph,SAP HCM v. SAP ERP 6.0 EhP8,cs-hr-pm,lightyellow,,Gift and Entertainment Management v. 1.0,brown,74,13,Manual (CSV),royalblue,1,"SAP HCM v. SAP ERP 6.0 EhP8: HCM is the Human Resources module.It includes the following functions - Personnel Management (PA), Organisation Management (OM), Personnel Time Management (PT), Travel Management (TR), Payroll (PY), Appraisal, SuccessFactors Learning, Employee File Management System (Singapore)
India Team includes the following function - Personnel Management (PA) Organisation Management (OM) Personnel Time Management (PT) Payroll (PY) ESS India Customization - Tax Declaration, Attendance",Capital Project Management
cpm-eppm,Enterprise Project Portfolio Management,cpm,orchid,cs-hr-lms-aph,SAP HCM v. SAP ERP 6.0 EhP8,cs-hr-lms,lightyellow,,Event Attendance (Power Apps) v. 1.0,brown,87,13,Manual,peru,1,"SAP HCM v. SAP ERP 6.0 EhP8: HCM is the Human Resources module.It includes the following functions - Personnel Management (PA), Organisation Management (OM), Personnel Time Management (PT), Travel Management (TR), Payroll (PY), Appraisal, SuccessFactors Learning, Employee File Management System (Singapore)
India Team includes the following function - Personnel Management (PA) Organisation Management (OM) Personnel Time Management (PT) Payroll (PY) ESS India Customization - Tax Declaration, Attendance",Enterprise Project Portfolio Management
cpm-cm,Cost Management,cpm,orchid,cs-hr-tm-aph,SAP HCM v. SAP ERP 6.0 EhP8,cs-hr-tm,lightyellow,,Microsoft Stream (Internet-Online) v. Microsoft Stream,lightslategray,34,13,Shared DB (SQL),peru,1,"SAP HCM v. SAP ERP 6.0 EhP8: HCM is the Human Resources module.It includes the following functions - Personnel Management (PA), Organisation Management (OM), Personnel Time Management (PT), Travel Management (TR), Payroll (PY), Appraisal, SuccessFactors Learning, Employee File Management System (Singapore)
India Team includes the following function - Personnel Management (PA) Organisation Management (OM) Personnel Time Management (PT) Payroll (PY) ESS India Customization - Tax Declaration, Attendance",Cost Management
cpm-spm,Supplier Performance Management,cpm,orchid,cs-hr-tm-otb,Sembcorp OTUJ - Backend Administrative Portal v. 1.0,cs-hr-tm,lightyellow,,Slack v. Enterprise Grid,lightslategray,88,13,Shared DB (SQL),peru,1,"Sembcorp OTUJ - Backend Administrative Portal v. 1.0: The backend administrative portal will be developed to manage the OTUJ mobile application and users. This section of the document explains the features and functionality of Administrative Portal. The following are the modules in administrative portal.Login, User Management, Roles Management, Overtime Job Applications, Urgent Job Applications, System Configuration",Supplier Performance Management
cpm-ccs,Change Control System,cpm,orchid,cs-hr-tm-out,Sembcorp OTUJ v. 1.3,cs-hr-tm,lightyellow,,Time Off eform v. 1.0,peru,89,89,Shared DB (SQL),peru,1,"Sembcorp OTUJ v. 1.3: A Mobile application for JI Maintenance Dept. staffs  to apply for overtime and urgent job requests.
The mobile application consists for following modules - Overtime, Urgent Jobs
The application shows the above functional modules in different tabs. Only applicable user roles (Engineer, HOS and HOD) can view both the tabs. The Technician only view Overtime related functionality. The SVP & Head only view Urgent Jobs related functionality",Change Control System
cpm-ed,"Engineering & Design (CAD, 4D Model, etc.)",cpm,orchid,cs-hr-tm-efor,Time Off eform v. 1.0,cs-hr-tm,lightyellow,,Employee Share Plans System v. 1.0,peru,90,90,,crimson,1,Time Off eform v. 1.0: A system to record time off for Digital & Technology Department,"Engineering & Design (CAD, 4D Model, etc.)"
cpm-bim,Building Information Modelling,cpm,orchid,cs-hr-tm-ts,Timesheets v. 1.0,cs-hr-tm,lightyellow,,Performance Share Plans System v. 1.0,peru,9,91,,brown,1,Web App for recording time,Building Information Modelling
cs,Corporate Services (Systems of Record),,maroon,cs-hr-tm-tms,TMS (Time Management System) v. 1,cs-hr-tm,lightyellow,,Restricted  Share Plans System v. 1.0,peru,92,92,,lightslategray,1,"Time Management System: TMS is used by SembWaste’s HR to maintain shift group , attendance code and payment instruction for Over-Time work schedule for its Direct Labour staff and to generate Over-Time schedule to be exported to SAP",Corporate Services (Systems of Record)
cs-fin,Finance,cs,brown,cs-tms-apa,SAP ASP v. 1.0,cs-tms,lightyellow,,Enterprise Risk and Control Management System v. 5.X,peru,93,35,,brown,1,SAP ASP v. 1.0,Finance
cs-fin-fin,Finance,cs-fin,peru,cs-tms-sap,SAP GSP v. 1.0,cs-tms,lightyellow,,Workforce Management System v. 1.0,crimson,94,94,Shared DB (SQL),peru,1,SAP GSP v. 1.0,Finance
cs-fin-ia,Invoice Automation (AP),cs-fin,peru,cs-lcs-adf,Annual Declaration Form v. 1.0,cs-lcs,lightyellow,,AMS Machinery v. 5.7,crimson,42,43,,lightslategray,1,"Annual Declaration Form v. 1.0: Platform for employee to submit declaration on Conflict of Interest, Code of Business Conducts and IT Security Policies",Invoice Automation (AP)
cs-fin-bpc,Budget Planning & Consolidation (BPC),cs-fin,peru,cs-lcs-cps,Company Profile and Shareholding Database System v. 1.0,cs-lcs,lightyellow,,Salesforce v. 1,royalblue,43,80,Custom Connector,lightslategray,1,Company Profile and Shareholding Database System v. 1.0: A platform to update company profiling and shareholding information of all companies under Sembcorp Industries group and to generate shareholding listings and organization charts.,Budget Planning & Consolidation (BPC)
cs-fin-ar,AR Decoupling (Revenue Portal),cs-fin,peru,cs-lcs-gem,Gift and Entertainment Management v. 1.0,cs-lcs,lightyellow,,Salesforce-TIRS  Intergration Webservices v. 1.0,royalblue,43,88,,peru,1,Gift and Entertainment Management v. 1.0: An eForm to seek approval for giving and receiving gift/entertainment,AR Decoupling (Revenue Portal)
cs-fin-epm,Enterprise Performance Management (EPM),cs-fin,peru,cs-lcs-kol,KOLA v. 1.0,cs-lcs,lightyellow,,Visitor Management System v. 1,crimson,43,12,Shared DB (SQL),peru,1,"KOLA v. 1.0: A fraud detection monitoring system that allows the organization to enhance oversight of the various operational process, and to identify fraud risks and red flags through the use of an data analytics platform.",Enterprise Performance Management (EPM)
cs-hr,Human Resources,cs,brown,cs-lcs-trd,Tableau Reporting Dashboard v. 10.3.2,cs-lcs,lightyellow,,KABA v. 1.0,peru,43,34,API / WS,peru,1,Tableau Reporting Dashboard v. 10.3.2: Allows the organization to visualize output and for reporting purposes.,Human Resources
cs-hr-hcm,Human Capital Management (HCM),cs-hr,peru,cs-hse-csr-sdm,Sustainability Data Management System v. 8.4,cs-hse-csr,lightyellow,,Virtual Brain Water v. 2.0,crimson,95,95,API / WS,peru,1,"Sustainability Data Management System v. 8.4: Enablon cloud application that provides the end to end flow of sustainability data from collection, storage, workflow and reporting on GRI, DJSI, CDP",Human Capital Management (HCM)
cs-hr-te,Travel & Expense,cs-hr,peru,cs-hse-erm-erc,Enterprise Risk and Control Management System v. 5.X,cs-hse-erm,lightyellow,,DataBricks,teal,96,96,API / WS,peru,1,"Enterprise Risk and Control Management System v. 5.X: ERM system is a web application that monitors, manages and control the risk associated with a business undertaking. It measures risk in relation to returns and facilitates Sembcorp users in managing risk better. It is using COTS product - Thomson Reuters Accelus Risk Manager.",Travel & Expense
cs-hr-pm,Performance Management,cs-hr,peru,cs-hse-hse-ghs,Global HSE Information System v. 1.0,cs-hse-hse,lightyellow,,Data Warehouse,teal,97,97,,peru,1,"Global HSE Information System v. 1.0: For HSE performance, incidents and investigations reporting, and report retrieval",Performance Management
cs-hr-lms,Learning Management System,cs-hr,peru,cs-hse-hse-ssa,Sembcorp Secure App - Backend Administrative Portal v. 1.0,cs-hse-hse,lightyellow,,Website Content Management System v. 1.0,skyblue,98,98,,peru,1,"Sembcorp Secure App - Backend Administrative Portal v. 1.0: The backend administrative portal will be developed to manage the secure app mobile application and users. This section of the document explains the features and functionality of Administrative Portal. The following are the modules in administrative portal.Login, User Management, Roles Management, Staff Location & Status, Alerts, Announcements, Emergency Contacts, Incident Reports, System Configuration",Learning Management System
cs-hr-tm,Time Management,cs-hr,peru,cs-hse-hse-ssm,Sembcorp Secure Mobile App v. 1.3,cs-hse-hse,lightyellow,,EMC (External),teal,34,99,,peru,1,"Sembcorp Secure Mobile App v. 1.3: Mobile application to alert all Sembcorp employees on critical incidents relating to health, safety and security. The application will allow a two-way communication whereby Sembcorp staff are able to respond on their status or report on updates of an incident in their locality. Conversely, the crisis administrator is also able to communicate with the affected staff via the chat function in the application.",Time Management
cs-tms,Tax Management System,cs,brown,cs-psc-ss-apa,SAP ARIBA Strategic sourcing v. 1.0,cs-psc-ss,lightyellow,,Payment Gateway (Ext),teal,30,17,,peru,1,SAP ARIBA Strategic sourcing v. 1.0,Tax Management System
cs-lcs,Legal and Compliance System,cs,brown,cs-psc-ss-sap,SAP Ariba v. 14s,cs-psc-ss,lightyellow,,KrisFlyer,teal,64,15,,peru,1,"SAP Ariba v. 14s: E-Procurement System by GVCM for Global Procurement - Supplier Management, Sourcing, & Contract Management",Legal and Compliance System
cs-hse,"Health, Safety, Environment",cs,brown,cs-psc-sm-sap,SAP Ariba v. 14s,cs-psc-sm,lightyellow,,Singpost,teal,65,17,API / WS (XML),crimson,1,"SAP Ariba v. 14s: E-Procurement System by GVCM for Global Procurement - Supplier Management, Sourcing, & Contract Management","Health, Safety, Environment"
cs-hse-csr,Sustainability and Corporate Social Responsibility,cs-hse,peru,cs-psc-scm-car,PCard v. 1.0,cs-psc-scm,lightyellow,,NTUC,teal,100,100,Shared DB (SQL),wheat,1,PCard v. 1.0,Sustainability and Corporate Social Responsibility
cs-hse-erm,Enterprise Risk Management (ERM),cs-hse,peru,cs-psc-scm-sap,SAP MM v. SAP ERP 6.0 EhP8,cs-psc-scm,lightyellow,,Power Settlement System,wheat,99,34,Shared DB (SQL),royalblue,1,"SAP MM v. SAP ERP 6.0 EhP8: MM is the Material Management module.It includes the following functions - Purchasing, Inventory Management, Invoice Verification, Physical Inventory",Enterprise Risk Management (ERM)
cs-hse-hse,"Health, Safety, Environment (HSE)",cs-hse,peru,es-pmds-jira,Jira Software v. 1,es-pmds,lightyellow,,SUT Billing File,sandybrown,34,80,Shared DB (SQL),royalblue,1,Jira Software v. 1: Issue Tracking & Project Management Software,"Health, Safety, Environment (HSE)"
cs-psc,Procurement and Supply Chain,cs,brown,es-intranet-hom,Home v. 1.0,es-intranet,lightyellow,,SP Systems Interface,teal,101,102,,crimson,1,Intranet Home Page (UK),Procurement and Supply Chain
cs-psc-ss,Strategic Sourcing,cs-psc,peru,es-intranet-semb,Sembcorp Portal v. SharePoint 2013,es-intranet,lightyellow,,Customer Management System FTP Server,teal,102,0,API / WS (XML),crimson,1,Sembcorp Portal v. SharePoint 2013: Sharepoint Portal for internal staffs,Strategic Sourcing
cs-psc-cm,Contract Management,cs-psc,peru,es-ecm-bpa,Board Papers Apps v. 1.0,es-ecm,lightyellow,,AMS Vibration Analyser CSI 2140,crimson,30,0,API / WS,crimson,1,Board Papers Apps v. 1.0: A system to allow sharing of confidential commitee meeting papers,Contract Management
cs-psc-sm,Supplier Management,cs-psc,peru,es-ecm-dpi,Department Portal (Intranet) v. SharePoint 2013,es-ecm,lightyellow,,F&S Data Collector,crimson,30,20,WS (JSON),royalblue,1,Department Portal (Intranet) v. SharePoint 2013: Sharepoint portal for department,Supplier Management
cs-psc-scm,Supply Chain Management,cs-psc,peru,es-ecm-dpo,Department Portal (Online) v. SharePoint Online,es-ecm,lightyellow,,External - Forecasting Agencies Systems,teal,30,21,WS (JSON),royalblue,1,Department Portal (Online) v. SharePoint Online: Sharepoint portal for department,Supply Chain Management
es,Enterprise Services,,darkslategray,es-ecm-edm,Electronic Document Management System v. 1.0,es-ecm,lightyellow,,Solar Invertor PLC,crimson,103,103,Shared DB (SQL),wheat,1,Electronic Document Management System v. 1.0: A system to facilite management and turnaround time for engineering drawing / documentation for SUT PD,Enterprise Services
es-pmds,Project Management & Delivery Systems,es,lightslategray,es-ecm-home,Home v. 1.0,es-ecm,lightyellow,,Zenon Energy Edition Server,crimson,80,10,Shared DB (SQL),wheat,1,Home v. 1.0,Project Management & Delivery Systems
es-intranet,Intranet,es,lightslategray,es-ecm-msi,Microsoft Stream (Internet-Online) v. Microsoft Stream,es-ecm,lightyellow,,Lidar Data Downloader,crimson,28,10,Shared DB (SQL),wheat,1,Microsoft Stream (Internet-Online) v. Microsoft Stream: A system to stream video,Intranet
es-ecm,Enterprise Content Management,es,lightslategray,es-ecm-ppi,Project Portal (Intranet) v. SharePoint 2013,es-ecm,lightyellow,,Lidar Data Aggregation,crimson,10,41,,crimson,1,Project Portal (Intranet) v. SharePoint 2013: Sharepoint portal for projects,Enterprise Content Management
es-css,Collaboration Services (e.g. Slack),es,lightslategray,es-ecm-ppo,Project Portal (Online) v. SharePoint Online,es-ecm,lightyellow,,LiDAR Sensor,crimson,10,80,API / WS,peru,1,Project Portal (Online) v. SharePoint Online: Sharepoint portal for projects,Collaboration Services (e.g. Slack)
es-peci,Process Excellence & Continuous Improvement,es,lightslategray,es-ecm-smg,Sembcorp Media Gallery v. SharePoint 2013,es-ecm,lightyellow,,Inverter Data Auto Downloader,crimson,10,104,WS (XML),peru,1,Sharepoint media gallery,Process Excellence & Continuous Improvement
es-wia,Workflow and Intelligent Automation,es,lightslategray,es-ecm-sps,Sembcorp Portal v. SharePoint 2013,es-ecm,lightyellow,,SAP ESS/MSS SAP NetWeaver 7.5,peru,105,14,Shared DB (JSON),peru,1,Sembcorp Portal v. SharePoint 2013,Workflow and Intelligent Automation
es-mmimr,Market Messaging & Interaction (Market Rules),es,lightslategray,es-ecm-wcm,Website Content Management System v. 1.0,es-ecm,lightyellow,,Cogenweb,crimson,105,106,API / WS,peru,1,Website Content Management System v. 1.0,Market Messaging & Interaction (Market Rules)
es-fm,Facilities Management,es,lightslategray,es-css-dp,Department Portal (Intranet) v. SharePoint 2013,es-css,lightyellow,,Water Plant Management System v. 1.0,crimson,106,105,API / WS,peru,1,Department Portal (Intranet) v. SharePoint 2013: Sharepoint portal for department,Facilities Management
es-rad,Rapid App Development,es,lightslategray,es-css-evc,Enterprise Video Communications v. 4.4.2,es-css,lightyellow,,ZJG - DCS v. 5.3+sp3,crimson,107,105,,crimson,1,Enterprise Video Communications v. 4.4.2,Rapid App Development
es-imrd,Innovation Management and R&D,es,lightslategray,es-css-sla,Slack v. Enterprise Grid,es-css,lightyellow,,NSS - DCS v. XDC800,crimson,13,42,,crimson,1,Slack v. Enterprise Grid: Sembcorp Digital Workspace - Collaboration & Communication Tool,Innovation Management and R&D
iis,IT and Infrastructure Services,,orange,es-peci-ris,ARIS v. 10 Release 8,es-peci,lightyellow,,NCIP Water - DCS v. XDC800,crimson,42,41,,teal,1,ARIS v. 10 Release 8,IT and Infrastructure Services
iis-isd,IT Service Delivery,iis,tomato,es-peci-sap,SAP Approval Mobile App System - Sembcorp Approval 3.0 v. 2.1,es-peci,lightyellow,,Goods Service Tax Network,teal,13,23,API / WS (XML),teal,1,SAP Approval Mobile App System - Sembcorp Approval 3.0 v. 2.1: A system to for SAP approvers to approve request types on the move.,IT Service Delivery
iis-isd-euc,End User Computing,iis-isd,coral,es-wia-cap,"CAPEX Purchase, Fixed Asset Disposal, CAPEX Replacement eform v. 1.0",es-wia,lightyellow,,Warehouse Management System,peru,25,23,Shared DB,peru,1,"CAPEX Purchase, Fixed Asset Disposal, CAPEX Replacement eform v. 1.0: An eForm for purchase request, replacement and disposal",End User Computing
iis-isd-tc,Telephony and Conferences,iis-isd,coral,es-wia-ea,Event Attendance (Power Apps) v. 1.0,es-wia,lightyellow,,Whistle Blowing Portal,brown,2,31,API (JSON),peru,1,Event Attendance (Power Apps) v. 1.0: A system to mark attendance for Sembcorp events,Telephony and Conferences
iis-isd-itsm,IT Service Management,iis-isd,coral,es-wia-rpa,Robotic Process Automation v. 1,es-wia,lightyellow,,Whistle Blowing Case Management,brown,108,108,Flat File,peru,1,Robotic Process Automation v. 1: Robots Built - DOF Billing & Cash Projection,IT Service Management
iis-isd-itmm,IT Monitoring and Management,iis-isd,coral,de-int-int-api-db,Dell Boomi,de-int-int-api,indigo,,EE Website,teal,47,43,Shared DB (SQL),crimson,1,Dell Boomi: Integration platform for applications,IT Monitoring and Management
iis-isd-isd,IT Service Delivery,iis-isd,coral,de-int-int-api-wk,Workato,de-int-int-api,indigo,,Mobile Bills v. 1.0,peru,43,41,WS (XML),sandybrown,1,Workato: Workflow Automation for Slack Integration,IT Service Delivery
iis-infra,IT Infrastructure,iis,tomato,aomo-aop-hist-wh,Wonderware Historian,aomo-aop-hist,lightyellow,,AMEX - UK,teal,13,57,,skyblue,1,Wonderware Historian,IT Infrastructure
iis-infra-cm,Cloud Management,iis-infra,coral,aomo-aop-hist-um,UMIS 1.0,aomo-aop-hist,lightyellow,,Gasboy Head Office 6.4.413.007,crimson,16,17,API / WS,teal,1,Web App for plant info,Cloud Management
iis-infra-bh,Blockchain,iis-infra,coral,aomo-ao-apm-eta,ETAPRO,aomo-ao-apm,lightyellow,,Turbine Data Downloader v. 2.0.0,crimson,13,10,Shared DB (JSON),peru,1,ETAPRO,Blockchain
iis-infra-dco,Data Center Operations,iis-infra,coral,de-an-vi-de-dl,Data Lake,de-an-vi-de,lightyellow,,Wind Turbine PLC Regen,crimson,13,81,"WS (SOAP, XML)",peru,1,Data Lake,Data Center Operations
iis-infra-inc,Inter-network Connections,iis-infra,coral,de-int-int-api-cfu,Citibank File Uploader (External),de-int-int-mi,lightyellow,,SAP Manufacturing Integration and Intelligence,teal,13,80,Manual,teal,1,Citibank File Uploader (External),Inter-network Connections
iis-infra-vpn,VPN,iis-infra,coral,de-int-int-batch-gyro,Giro,de-int-int-batch,lightyellow,,Entrade,lightsalmon,13,73,API / WS,peru,1,Giro,VPN
de,Digital Enablers,,darkgreen,de-int-int-api-axs,External - AXS 1.0,de-int-int-mi,lightyellow,,Lacima,lightsalmon,13,74,,peru,1,External - AXS 1.0,Digital Enablers
de-an,Analytics (System of Insights),de,seagreen,de-an-vi-aso-vbr,VBR,de-an-vi-aso,lightyellow,,Reval,lightsalmon,13,87,Flat File,peru,1,VBR,Analytics (System of Insights)
de-an-vi,Visualisation and Insights,de-an,olivedrab,aomo-aop-eam-wis,Weighbridge Information System,aomo-aop-eam,lightyellow,,Swift,teal,35,93,API / WS,peru,1,"Weighbridge Information System: WIS provides the Woodchip Boiler Plant engineers with woodchip steam production analysis reports. In addition, it facilitates billing verification between Sembcorp Cogen and SembEnviro",Visualisation and Insights
de-an-vi-mcf,Market and Commodity Forcasting,de-an-vi,teal,aomo-aop-eam-st,Storage & Terminalling,aomo-aop-eam,lightyellow,,360T,lightsalmon,57,20,Shared DB (SQL),peru,1,"Storage & Terminalling: A system for Storage & Terminalling team to manage Eastman work orders for isotank, drumming, stuffing and vessel loading jobs",Market and Commodity Forcasting
de-an-vi-od,Optimised Dispatch,de-an-vi,teal,aomo-aop-eam-lims,Laboratory Information Management System,aomo-aop-eam,lightyellow,,Position View,lightsalmon,109,57,Shared DB (SQL),peru,1,Laboratory Information Management System: To maintain the optimal operating conditions and give the water operations early warning to treatment process potential upset,Optimised Dispatch
de-an-vi-pods,Plant Ops and Design Optimisation,de-an-vi,teal,aomo-aop-eam-geo,GEO Information System,aomo-aop-eam,lightyellow,,Contigo,wheat,57,110,Shared DB (SQL),peru,1,GEO Information System: A system to maintain pipeline and associated assets information in Jurong Island used for monitoring capex and space utilization tracking and generate commercial proposals,Plant Ops and Design Optimisation
de-an-vi-pve,Predictive Maintenance,de-an-vi,teal,de-int-int-api-sgx,SGX Live Feed,de-int-int-mi,lightyellow,,ICE,teal,110,57,Custom Connector,teal,1,SGX Live Feed,Predictive Maintenance
de-an-vi-aso,Asset Performance Optimisation,de-an-vi,teal,aomo-aop-hs-ims,Incident Management System,aomo-aop-hs,lightyellow,,,,57,18,"WS (REST), SQL, File Share",royalblue,1,Incident Management System: A system to manage IT related calls and incidents raised by users,Asset Performance Optimisation
de-an-vi-gp,Global Ops ,de-an-vi,teal,iis-isd-itsm-itsm,IT Services Management System 1.0,iis-isd-itsm,lightyellow,,,,57,111,WS (SOAP),teal,1,IT Services Management System 1.0: A system to manage IT related requests raised by users.,Global Ops 
de-an-vi-de,Data Lake,de-an-vi,teal,de-int-int-api-bank,Bank (External),de-int-int-mi,lightyellow,,,,19,57,"WS (REST), FTP",royalblue,1,Bank (External),Data Lake
de-an-dm,Data Modelling,de-an,olivedrab,de-an-dm-bda-db,DataBricks,de-an-dm-bda,lightyellow,,,,112,57,"WS (REST), FTP",teal,1,DataBricks,Data Modelling
de-an-dm-bda,Big Data Analytics,de-an-dm,teal,de-an-dm-bda-dw,Data Warehouse,de-an-dm-bda,lightyellow,,,,24,25,Manual,royalblue,1,Data Warehouse,Big Data Analytics
de-an-dm-vvisual,Visual Analytics,de-an-dm,teal,de-cs-di-iam-aad,Azure AD,de-cs-di-iam,indigo,,,,17,0,Manual,royalblue,1,Azure Active Directory,Visual Analytics
de-an-dm-omi,Optimisation,de-an-dm,teal,iis-isd-tc-zoom,Zoom,iis-isd-tc,indigo,,,,17,101,SFTP,teal,1,Zoom,Optimisation
de-an-dm-aartifi,Artificial Intelligence,de-an-dm,teal,iis-isd-tc-sfb,Skype for Business,iis-isd-tc,indigo,,,,17,114,Manual,teal,1,Skype,Artificial Intelligence
de-an-dm-mmachin,Machine Learning,de-an-dm,teal,iis-isd-itmm-ies,Ivanti Endpoint Security,iis-isd-itmm,indigo,,,,114,17,Manual,crimson,1,Ivanti Endpoint Security,Machine Learning
de-an-dm-sstatis,Statistical Modelling,de-an-dm,teal,iis-isd-itmm-sccm,System Center Configuration Manager,iis-isd-itmm,indigo,,,,115,17,Shared DB (SQL),royalblue,1,System Center Configuration Manager,Statistical Modelling
de-cs,Cyber Security,de,seagreen,iis-isd-itmm-wg,WhatsUp Gold,iis-isd-itmm,indigo,,,,30,115,Manual,royalblue,1,Network Monitoring System,Cyber Security
de-cs-ci,Cyber Intelligence,de-cs,olivedrab,iis-isd-euc-fup,Follow you printing system 5.7.34.3271,iis-isd-euc,indigo,,,,24,2,,royalblue,1,Follow you printing system,Cyber Intelligence
de-cs-ci-soc,Security Operations Center,de-cs-ci,teal,iis-infra-cm-vsp,vSphere 6.5,iis-infra-cm,indigo,,,,20,116,Shared DB (SQL),sandybrown,1,VMWare Vsphere Server,Security Operations Center
de-cs-ci-cbrm,Cyber Breach Response Management,de-cs-ci,teal,de-an-dm-vvisual-ts,Tableau Server 10.3,de-an-dm-vvisual,indigo,,,,116,20,Manual,sandybrown,1,Tableau Server,Cyber Breach Response Management
de-cs-ci-cti,Cyber Threat Intelligence,de-cs-ci,teal,de-cs-ci-soc-qr,Qradar,de-cs-ci-soc,indigo,,,,109,30,,wheat,1,Qradar SIEM,Cyber Threat Intelligence
de-cs-ci-mm,Malware Management,de-cs-ci,teal,de-cs-di-dpdp-dlp,Forcepoint Data Loss Protection (DLP) 8.5.1.66,de-cs-di-dpdp,indigo,,,,30,109,Manual,crimson,1,On-Prem Data Loss Protection Platform,Malware Management
de-cs-ci- ics,Industrial Control System (ICS) Security,de-cs-ci,teal,de-cs-ci-fw-cfa,Checkpoint Firewall Appliance,de-cs-ci-fw,indigo,,,,23,24,MQ,sandybrown,1,Company Firewall,Industrial Control System (ICS) Security
de-cs-ci-fw,Firewall,de-cs-ci,teal,de-cs-ci-fw-fsm,Firemon Security Manager 8.24.9,de-cs-ci-fw,indigo,,,,118,100,MQ,teal,1,"Security Manager provides real-time visibility, control, and management for network security devices across hybrid cloud environments from a single pane of glass.",Firewall
de-cs-ci-vm,Vulnerability Management,de-cs-ci,teal,de-cs-ci-fw-fm,Fortigate Firewall Appliance,de-cs-ci-fw,indigo,,,,18,17,WS (SOAP),teal,1,Firewall Appliance,Vulnerability Management
de-cs-ci-tps,Third Party Security,de-cs-ci,teal,de-cs-ci-mm-sep,Symantec Endpoint Protection,de-cs-ci-mm,indigo,,,,120,119,WS (SOAP),wheat,1,Anti-virus & Antimalware solution for VBR,Third Party Security
de-cs-di,Digital Identity,de-cs,olivedrab,de-cs-di-pki-atf,Axway Trusted File,de-cs-di-pki,indigo,,,,119,22,WS (XML),royalblue,1,Public Key Infrastructure Services,Digital Identity
de-cs-di-casb,Cloud Access Security Broker (CASB),de-cs-di,teal,de-cs-ci-soc-aa,Arcsight Appliance,de-cs-ci-soc,indigo,,,,121,122,TCP/IP,crimson,1,Arcsight SIEM,Cloud Access Security Broker (CASB)
de-cs-di-ueba,User Entity Behaviour Analytics,de-cs-di,teal,de-cs-ci-vm-ten,Tenable,de-cs-ci-vm,indigo,,,,123,124,CSV,blue,1,Vulnerability Assessment Tool,User Entity Behaviour Analytics
de-cs-di-iam,Identity Access Management (IAM),de-cs-di,teal,de-en-cn-ndm-aw,Airwave,de-en-cn-ndm,indigo,,,,125,123,"FTP, e-mail (CSV)",teal,1,Network device manager,Identity Access Management (IAM)
de-cs-di-dpdp,Data Protection and Data Privacy,de-cs-di,teal,de-en-cn-rnc-cw,Catalyst Switch,de-en-cn-rnc,indigo,,,,126,22,API (CSV),teal,1,Network Switch,Data Protection and Data Privacy
de-cs-di-pki,Public Key Infrastructure (PKI) Services,de-cs-di,teal,de-en-cn-rnc-ciw,Cisco Switch,de-en-cn-rnc,indigo,,,,43,127,API (realtime),crimson,1,Network Switch,Public Key Infrastructure (PKI) Services
de-cs-di-cs,Cryptography Services,de-cs-di,teal,de-en-cn-rnc-nw,Nexus Switch,de-en-cn-rnc,indigo,,,,127,43,API (CSV),crimson,1,Network Switch,Cryptography Services
de-int,Integration,de,seagreen,es-ecm-eg,e-Greeting,es-ecm,lightyellow,,,,15,13,API (CSV),crimson,1,Electronic greeting card application,Integration
de-int-int,Interfaces,de-int,olivedrab,cs-lcs-wbp,Whistle Blowing Portal,cs-lcs,lightyellow,,,,20,15,API (CSV),sandybrown,1,Whistle blowing portal,Interfaces
de-int-int-api,API Gateway & Management,de-int-int,teal,cs-lcs-wbcm,Whistle Blowing Case Management,cs-lcs,lightyellow,,,,30,128,Shared DB (SQL),peru,1,whistle blowing case management,API Gateway & Management
de-int-int-esb,Enterprise Service Bus,de-int-int,teal,iis-isd-itsm-spr,SAP Password Reset,iis-isd-itsm,lightyellow,,,,19,15,Shared DB (SQL),peru,1,Employee Self Service Password reset application,Enterprise Service Bus
de-int-int-batch,Batch / ETL Processing,de-int-int,teal,de-int-int-sftp-cms,Customer Management System FTP Server,de-int-int-sftp,lightyellow,,,,15,16,Flat File,royalblue,1,FTP Server used by CMS,Batch / ETL Processing
de-int-int-edi,Electronic Data Interchange (EDI),de-int-int,teal,de-int-int-mi-emc,EMC (External),de-int-int-mi,lightyellow,,,,16,15,Shared DB (SQL),teal,1,External Interface,Electronic Data Interchange (EDI)
de-int-int-sftp,SFTP,de-int-int,teal,de-int-int-mi-kf,KrisFlyer,de-int-int-mi,lightyellow,,,,130,129,WS (XML),crimson,1,External Interface,SFTP
de-int-int-mi,Market Interfaces,de-int-int,teal,de-int-int-mi-pg,Payment Gateway (Ext),de-int-int-mi,lightyellow,,,,131,129,FTP (CSV),teal,1,External Interface,Market Interfaces
de-int-int-pi,Plant (Asset) Interfaces,de-int-int,teal,de-int-int-mi-sp,Singpost,de-int-int-mi,lightyellow,,,,132,129,Manual (CSV),teal,1,External Interface,Plant (Asset) Interfaces
de-int-iot,IoT,de-int,olivedrab,mer-bo-ss-pss,Power Settlement System,mer-bo-ers,lightyellow,,,,129,14,email,teal,1,Power Settlement System,IoT
de-int-iot-dg,IoT / Device Gateway,de-int-iot,teal,mer-bo-ers-sbf,SUT Billing File,mer-bo-ers,lightyellow,,,,13,88,Custom Connector (Batch),crimson,1,SUT Billing File,IoT / Device Gateway
de-int-iot-ec,Edge Controller,de-int-iot,teal,de-int-int-mi-sps,SP Systems Interface,de-int-int-mi,lightyellow,,,,133,12,,crimson,1,SP Systems Interface,Edge Controller
de-int-iot-dm,Device Management,de-int-iot,teal,aomo-ao-apm-ava,AMS Vibration Analyser CSI 2140,aomo-ao-apm,silver,,,,133,88,,crimson,1,Physical device to monitor vibration of machines,Device Management
de-int-iot-cep,Complex Event Processing (Device Data),de-int-iot,teal,aomo-ao-apm-fsd,F&S Data Collector,aomo-ao-apm,lightyellow,,,,12,133,,crimson,1,Console Application - Collect the forecasting and scheduling data from Email/FTP shared by forecasting agencies and stored into SQL database,Complex Event Processing (Device Data)
de-en,Enterprise Network,de,seagreen,de-int-int-mi-fas,External - Forecasting Agencies Systems,de-int-int-mi,lightyellow,,,,88,133,API / WS,peru,1,External Interface,Enterprise Network
de-en-dev,Device,de-en,olivedrab,aomo-aop-osem-zee,Zenon Energy Edition Server,aomo-aop-osem,lightyellow,,,,43,134,API / WS,teal,1,Windows Application for Scada Zenon - Deployed on Remote Sites,Device
de-en-dev-dm,"Digital Meters (AMR, Smart)",de-en-dev,teal,aomo-aop-ics-sip,Solar Invertor PLC,aomo-aop-ics,silver,,,,134,43,API / WS,teal,1,Send tags and sensor data to inverter data auto downloader,"Digital Meters (AMR, Smart)"
de-en-dev-iiot,Industrial IoT Devices,de-en-dev,teal,aomo-ao-apm-ldd,Lidar Data Downloader,aomo-ao-apm,lightyellow,,,,135,136,API / WS,brown,1,Console Application - Download the data from Lidar log and stored into FTP,Industrial IoT Devices
de-en-dev-ccommercial,Commercial IoT,de-en-dev,teal,aomo-ao-apm-lda,Lidar Data Aggregation,aomo-ao-apm,lightyellow,,,,137,138,API / WS,brown,1,Windows Application - Derive 10 min aggregated date from 1 sec Lidar data,Commercial IoT
de-en-dev-ciot,Consumer IoT Devices,de-en-dev,teal,aomo-ao-apm-lis,LiDAR Sensor,aomo-ao-apm,silver,,,,82,139,API / WS (JSON),peru,1,LiDAR Sensor,Consumer IoT Devices
de-en-cn,Comms Network,de-en,olivedrab,aomo-ao-apm-ida,Inverter Data Auto Downloader,aomo-ao-apm,lightyellow,,,,140,43,API / WS (JSON),peru,1,"Console Application - Download data from Solar Panels. 
Download the data from inverter log and stored into site server automatically for all Solar sites (BAP&MERVADAR)",Comms Network
de-en-cn-wnc,Wireless Network Comms,de-en-cn,teal,cs-hr-hcm-snet,SAP ESS/MSS SAP NetWeaver 7.5,cs-hr-hcm,lightyellow,,,,141,22,Shared DB (SQL),brown,1,"SAP ESS/MSS is Employee Self Service and Manager Self Service, which is the web enabled tool used by employees.",Wireless Network Comms
de-en-cn-knc,Wired Network Comms,de-en-cn,teal,aomo-aop-dcs-coweb,Cogenweb,aomo-aop-dcs,lightyellow,,,,142,141,Manual (CSV),teal,1,"Hosts Cogen apps like plant statistics, EMC data to blackberry",Wired Network Comms
de-en-cn-rnc,Routing and Switching,de-en-cn,teal,aomo-aop-osem-sch,Schneider PACiS SCADA 4.8.17 PP3,aomo-aop-osem,lightyellow,,,,142,122,XML,teal,1,"For Switchyard automation, control and monitoring from local/remote",Routing and Switching
de-en-cn-ndm,Network Device Management,de-en-cn,teal,de-int-int-mi-gst,Goods Service Tax Network,de-int-int-mi,lightyellow,,,,144,145,Flat File (Batch),crimson,1,India's GST Network,Network Device Management
,,,,cs-psc-scm-wms,Warehouse Management System,cs-psc-scm,lightyellow,,,,144,146,API / WS,crimson,1,This application is to digitalize and automate the warehouse’s asset movement and its related processes in Sembcorp’s warehouses.,
,,,,de-int-int-mi-eew,EE Website,de-int-int-mi,lightyellow,,,,146,144,API / WS,crimson,1,UK Telco Provider,
,,,,de-int-int-mi-amex,AMEX - UK,de-int-int-mi,lightyellow,,,,0,144,TCP/IP,crimson,1,External Interface,
,,,,aomo-aop-eam-gho,Gasboy Head Office 6.4.413.007,aomo-aop-eam,lightyellow,,,,146,48,,sandybrown,1,Head office application for fleet and fuel management.,
,,,,aomo-aop-ics-wtp,Wind Turbine PLC Regen,aomo-aop-ics,silver,,,,48,146,API / WS,sandybrown,1,Wind Turbine PLC,
,,,,aomo-aop-wms-anpr,ANPR 1.0,aomo-aop-wms,lightyellow,,,,48,147,API / WS,sandybrown,1,Automated Name Plate Recognition,
,,,,aomo-aop-eam-max,Maximo ,aomo-aop-eam,lightyellow,,,,147,48,,sandybrown,1,Purchasing and Maintenance tool,
,,,,de-cs-di-casb-casb,Cloud Application Security Broker,de-cs-di-casb,indigo,,,,144,13,API / WS,sandybrown,1,Visibility and Control on SaaS,
,,,,de-cs-di-iam-cark,CyberArk 10.0,de-cs-di-iam,indigo,,,,13,144,API / WS,teal,1,Priviliged password management solution,
,,,,de-cs-di-dpdp-fwf,Forcepoint Web Filtering,de-cs-di-dpdp,indigo,,,,37,144,API / WS,teal,1,On-Prem Web Proxy Platform,
,,,,de-cs-di-dpdp-menlo,Menlo,de-cs-di-dpdp,indigo,,,,107,144,API / WS,teal,1,Cloud based proxy / isolation solution,
,,,,iis-isd-itmm-twe,TripWire Enterprise,iis-isd-itmm,indigo,,,,148,146,API / WS,lighsalmon,1,Tripwire is a security and data integrity tool for monitoring and alerting on specific file change(s) on a range of systems,
,,,,de-int-int-api-sapmi,SAP Manufacturing Integration and Intelligence,de-int-int-api,lightyellow,,,,149,145,API / WS,lightsalmon,1,Manufacturing Integration and Intelligence,
,,,,mer-fo-etrm-ent,Entrade,mer-fo-etrm,lightsalmon,,,,150,145,API / WS,lightsalmon,1,,
,,,,mer-fo-etrm-lac,Lacima,mer-mo-rm,lightsalmon,,,,,,Shared DB (SQL),lightsalmon,1,,
,,,,mer-bo-tms-rev,Reval,mer-bo-tms,lightsalmon,,,,,,API / WS,lightsalmon,1,,
,,,,de-int-int-mi-swt,Swift,de-int-int-mi,lightyellow,,,,,,API / WS,lightsalmon,1,,
,,,,mer-mo-pm-ent,Entrade,mer-mo-pm,lightsalmon,,,,,,API / WS,lightsalmon,1,,
,,,,mer-bo-ers-ent,Entrade,mer-bo-ers,lightsalmon,,,,,,,,,,
,,,,mer-bo-tms-360,360T,mer-bo-tms,lightsalmon,,,,,,,,,,
,,,,mer-mo-pm-pv,Position View,mer-mo-pm,lightsalmon,,,,,,,,,,
,,,,mer-fo-etrm-cnt,Contigo,mer-fo-etrm,lightyellow,,,,,,,,,,
,,,,de-int-int-mi-ice,ICE,de-int-int-mi,lightyellow,,,,,,,,,,
